{
  "step": 2050,
  "intersection": "238",
  "lanes": {
    "24_3": [],
    "24_4": [],
    "-69_3": [
      {
        "vehicle_id": "474",
        "co2": 2624.722222222222,
        "nox": 1.2044444444444444,
        "fuel": 837.2222222222222,
        "speed": 0.0
      },
      {
        "vehicle_id": "473",
        "co2": 2624.722222222222,
        "nox": 1.2044444444444444,
        "fuel": 837.2222222222222,
        "speed": 0.0
      },
      {
        "vehicle_id": "329",
        "co2": 2624.722222222222,
        "nox": 1.2044444444444444,
        "fuel": 837.2222222222222,
        "speed": 0.0
      },
      {
        "vehicle_id": "233",
        "co2": 2624.722222222222,
        "nox": 1.2044444444444444,
        "fuel": 837.2222222222222,
        "speed": 0.0
      }
    ],
    "-69_4": [],
    "-23_2": [],
    "-23_3": [],
    "-23_4": [],
    "-4_3": [],
    "-4_4": []
  }
}