{
  "step": 2850,
  "intersection": "238",
  "lanes": {
    "24_3": [],
    "24_4": [],
    "-69_3": [],
    "-69_4": [],
    "-23_2": [],
    "-23_3": [],
    "-23_4": [
      {
        "vehicle_id": "232",
        "co2": 1893.6824464038855,
        "nox": 0.5234149544718053,
        "fuel": 604.014161583158,
        "speed": 12.705290817078822
      }
    ],
    "-4_3": [],
    "-4_4": []
  }
}