{
  "step": 2600,
  "intersection": "238",
  "lanes": {
    "24_3": [
      {
        "vehicle_id": "232",
        "co2": 2539.3873645279973,
        "nox": 1.138300011260607,
        "fuel": 809.9999080898929,
        "speed": 0.934961549694741
      },
      {
        "vehicle_id": "354",
        "co2": 2509.2843860866637,
        "nox": 1.137682856667794,
        "fuel": 800.4012478889206,
        "speed": 0.44322713864413965
      },
      {
        "vehicle_id": "15",
        "co2": 2611.949742631313,
        "nox": 1.1970489836112106,
        "fuel": 833.1482058106093,
        "speed": 0.04928135066067667
      }
    ],
    "24_4": [],
    "-69_3": [],
    "-69_4": [],
    "-23_2": [],
    "-23_3": [],
    "-23_4": [],
    "-4_3": [],
    "-4_4": []
  }
}