{
  "step": 4400,
  "intersection": "238",
  "lanes": {
    "24_3": [
      {
        "vehicle_id": "199",
        "co2": 0.0,
        "nox": 0.0,
        "fuel": 0.0,
        "speed": 1.1244902751929304
      },
      {
        "vehicle_id": "162",
        "co2": 2536.4331857124284,
        "nox": 1.1247564671244734,
        "fuel": 809.0554125254915,
        "speed": 1.376210588754532
      },
      {
        "vehicle_id": "94",
        "co2": 2718.143449851183,
        "nox": 1.206701372978962,
        "fuel": 867.0106838586756,
        "speed": 1.5144560939794314
      }
    ],
    "24_4": [
      {
        "vehicle_id": "153",
        "co2": 4794.2777982520765,
        "nox": 2.12308895299757,
        "fuel": 1529.176940610915,
        "speed": 3.8391237945611616
      },
      {
        "vehicle_id": "81",
        "co2": 2624.722222222222,
        "nox": 1.2044444444444444,
        "fuel": 837.2222222222222,
        "speed": 0.0
      }
    ],
    "-69_3": [],
    "-69_4": [],
    "-23_2": [],
    "-23_3": [],
    "-23_4": [],
    "-4_3": [],
    "-4_4": []
  }
}