{
  "step": 100,
  "intersection": "238",
  "lanes": {
    "24_3": [
      {
        "vehicle_id": "37",
        "co2": 2624.675105767301,
        "nox": 1.2044121953561753,
        "fuel": 837.2071925811803,
        "speed": 0.0003606231859759468
      }
    ],
    "24_4": [],
    "-69_3": [
      {
        "vehicle_id": "49",
        "co2": 2624.722222222222,
        "nox": 1.2044444444444444,
        "fuel": 837.2222222222222,
        "speed": 0.0
      },
      {
        "vehicle_id": "48",
        "co2": 2644.1154019738383,
        "nox": 1.1968852238309464,
        "fuel": 843.4043628589816,
        "speed": 0.6029863616378452
      },
      {
        "vehicle_id": "74",
        "co2": 3743.723120812013,
        "nox": 1.654180972842835,
        "fuel": 1194.1099511929265,
        "speed": 2.8488881657177596
      }
    ],
    "-69_4": [],
    "-23_2": [],
    "-23_3": [],
    "-23_4": [
      {
        "vehicle_id": "77",
        "co2": 2621.4282594367965,
        "nox": 1.2022714853905196,
        "fuel": 836.1714998300824,
        "speed": 0.022275164177090502
      }
    ],
    "-4_3": [],
    "-4_4": []
  }
}