{
  "step": 50,
  "intersection": "238",
  "lanes": {
    "24_3": [
      {
        "vehicle_id": "37",
        "co2": 2554.8395217710863,
        "nox": 1.1467748268878113,
        "fuel": 814.928553287192,
        "speed": 0.8920594003296464
      },
      {
        "vehicle_id": "14",
        "co2": 2561.051173356205,
        "nox": 1.1421754509927953,
        "fuel": 816.9083263541021,
        "speed": 1.1652885776229585
      }
    ],
    "24_4": [],
    "-69_3": [
      {
        "vehicle_id": "35",
        "co2": 2521.241543037258,
        "nox": 1.1487217793529245,
        "fuel": 804.2159990608653,
        "speed": 0.2484216830752088
      }
    ],
    "-69_4": [],
    "-23_2": [],
    "-23_3": [],
    "-23_4": [],
    "-4_3": [],
    "-4_4": []
  }
}