{
  "step": 200,
  "intersection": "238",
  "lanes": {
    "24_3": [
      {
        "vehicle_id": "199",
        "co2": 2683.8762440595497,
        "nox": 1.2110459218713125,
        "fuel": 856.0850897264049,
        "speed": 0.7694993152477974
      }
    ],
    "24_4": [
      {
        "vehicle_id": "94",
        "co2": 0.0,
        "nox": 0.0,
        "fuel": 0.0,
        "speed": 8.67636205218828
      },
      {
        "vehicle_id": "41",
        "co2": 2514.615146280968,
        "nox": 0.9016974696129454,
        "fuel": 802.0659143686457,
        "speed": 9.357739352850338
      },
      {
        "vehicle_id": "52",
        "co2": 0.0,
        "nox": 0.0,
        "fuel": 0.0,
        "speed": 4.432859353839822
      }
    ],
    "-69_3": [],
    "-69_4": [],
    "-23_2": [],
    "-23_3": [],
    "-23_4": [
      {
        "vehicle_id": "193",
        "co2": 11146.522548222965,
        "nox": 4.860326191373744,
        "fuel": 3555.1794414184633,
        "speed": 13.872940961684685
      }
    ],
    "-4_3": [],
    "-4_4": [
      {
        "vehicle_id": "104",
        "co2": 0.0,
        "nox": 0.0,
        "fuel": 0.0,
        "speed": 11.236443901428304
      }
    ]
  }
}