{
  "step": 2150,
  "intersection": "238",
  "lanes": {
    "24_3": [],
    "24_4": [],
    "-69_3": [
      {
        "vehicle_id": "474",
        "co2": 2624.7080311390296,
        "nox": 1.2044347096043724,
        "fuel": 837.2176954154177,
        "speed": 0.0001093972773527447
      }
    ],
    "-69_4": [],
    "-23_2": [],
    "-23_3": [],
    "-23_4": [],
    "-4_3": [],
    "-4_4": []
  }
}