{
  "step": 2800,
  "intersection": "238",
  "lanes": {
    "24_3": [
      {
        "vehicle_id": "331",
        "co2": 2624.6919674067803,
        "nox": 1.2044237097890538,
        "fuel": 837.2125712570795,
        "speed": 0.00023252393605989848
      }
    ],
    "24_4": [],
    "-69_3": [],
    "-69_4": [],
    "-23_2": [],
    "-23_3": [],
    "-23_4": [],
    "-4_3": [],
    "-4_4": []
  }
}