{
  "step": 3600,
  "intersection": "238",
  "lanes": {
    "24_3": [],
    "24_4": [],
    "-69_3": [
      {
        "vehicle_id": "117",
        "co2": 2965.6504182836825,
        "nox": 1.200838068999044,
        "fuel": 945.932635383376,
        "speed": 6.059504373826502
      },
      {
        "vehicle_id": "148",
        "co2": 4711.208519919841,
        "nox": 2.076466790909135,
        "fuel": 1502.6810540397132,
        "speed": 4.1146500472425025
      },
      {
        "vehicle_id": "122",
        "co2": 4488.140872266825,
        "nox": 1.936106625898645,
        "fuel": 1431.5289833348731,
        "speed": 5.425331855115531
      }
    ],
    "-69_4": [],
    "-23_2": [],
    "-23_3": [],
    "-23_4": [],
    "-4_3": [],
    "-4_4": []
  }
}