{
  "step": 4000,
  "intersection": "238",
  "lanes": {
    "24_3": [
      {
        "vehicle_id": "199",
        "co2": 0.0,
        "nox": 0.0,
        "fuel": 0.0,
        "speed": 1.1299085108947753
      }
    ],
    "24_4": [
      {
        "vehicle_id": "81",
        "co2": 0.0,
        "nox": 0.0,
        "fuel": 0.0,
        "speed": 7.4860650272265845
      },
      {
        "vehicle_id": "41",
        "co2": 0.0,
        "nox": 0.0,
        "fuel": 0.0,
        "speed": 7.0863211952556515
      },
      {
        "vehicle_id": "52",
        "co2": 0.0,
        "nox": 0.0,
        "fuel": 0.0,
        "speed": 5.22145075751005
      }
    ],
    "-69_3": [],
    "-69_4": [],
    "-23_2": [],
    "-23_3": [],
    "-23_4": [
      {
        "vehicle_id": "193",
        "co2": 7180.3576940801595,
        "nox": 3.0709392176171924,
        "fuel": 2290.188120605754,
        "speed": 10.617483285331845
      }
    ],
    "-4_3": [],
    "-4_4": [
      {
        "vehicle_id": "104",
        "co2": 0.0,
        "nox": 0.0,
        "fuel": 0.0,
        "speed": 12.362806712932237
      }
    ]
  }
}