{
  "step": 50,
  "intersection": "238",
  "lanes": {
    "-23_4": [],
    "-4_3": [],
    "24_4": [
      {
        "vehicle_id": "37",
        "co2": 202.67060934166668,
        "nox": 1.2044444444444444,
        "fuel": 837.2222222222222,
        "speed": 0.0
      }
    ],
    "-4_4": [],
    "-69_3": [
      {
        "vehicle_id": "35",
        "co2": 254.5,
        "nox": 1.0256865365171786,
        "fuel": 722.2467909762836,
        "speed": 0.3121460654407152
      }
    ],
    "-69_4": []
  }
}