{
  "step": 1200,
  "intersection": "238",
  "lanes": {
    "-23_4": [],
    "-4_3": [],
    "24_4": [],
    "-4_4": [],
    "-69_3": [
      {
        "vehicle_id": "35",
        "co2": 212.390688153125,
        "nox": 1.2044444444444444,
        "fuel": 837.2222222222222,
        "speed": 0.0
      }
    ],
    "-69_4": []
  }
}