{
  "step": 800,
  "intersection": "238",
  "lanes": {
    "-23_4": [],
    "-4_3": [],
    "24_4": [
      {
        "vehicle_id": "37",
        "co2": 413.8215,
        "nox": 1.5115358221767528,
        "fuel": 1101.3731001458727,
        "speed": 3.0494268294150877
      }
    ],
    "-4_4": [],
    "-69_3": [],
    "-69_4": []
  }
}