{
  "step": 1600,
  "intersection": "238",
  "lanes": {
    "-23_4": [],
    "-4_3": [],
    "24_4": [
      {
        "vehicle_id": "49",
        "co2": 338.75,
        "nox": 0.0,
        "fuel": 0.0,
        "speed": 6.181718331227236
      }
    ],
    "-4_4": [],
    "-69_3": [
      {
        "vehicle_id": "76",
        "co2": 329.0,
        "nox": 0.0,
        "fuel": 0.0,
        "speed": 6.498207002723967
      },
      {
        "vehicle_id": "43",
        "co2": 295.9425641025641,
        "nox": 1.2044444444444444,
        "fuel": 837.2222222222222,
        "speed": 0.0
      }
    ],
    "-69_4": []
  }
}