Vehicle Type,CO2 (g/mi)
Small,285.89715893019866
Medium,341.3169924723731
