Vehicle Type,CO2 (g/mi)
Large,1557.3849
Small,285.8971589
Medium,341.3169925
