{
  "step": 50,
  "intersection": "122216484",
  "lanes": {
    "-667230468#0_0": [
      {
        "vehicle_id": "1",
        "co2": 1521.0,
        "nox": 0.6117,
        "fuel": 493.1,
        "speed": 0.0
      }
    ],
    "80786604_0": [
      {
        "vehicle_id": "3",
        "co2": 0.0,
        "nox": 0.0,
        "fuel": 0.0,
        "speed": 27.365202399507183
      }
    ],
    "80786604_1": [
      {
        "vehicle_id": "4",
        "co2": 2777.215849389766,
        "nox": 1.0213395174052953,
        "fuel": 900.3561954468461,
        "speed": 24.25020204959437
      },
      {
        "vehicle_id": "12",
        "co2": 5078.92232127696,
        "nox": 2.051386757603436,
        "fuel": 1646.520680010206,
        "speed": 27.39313054767151
      }
    ],
    "80786604_2": [],
    "1055544231_0": []
  }
}