{
  "step": 50,
  "intersection": "238",
  "lanes": {
    "-23_4": [],
    "-4_3": [],
    "24_4": [
      {
        "vehicle_id": "37",
        "co2": 1520.6001545226288,
        "nox": 0.6117,
        "fuel": 492.97039967479253,
        "speed": 0.0
      }
    ],
    "-4_4": [],
    "-69_3": [
      {
        "vehicle_id": "35",
        "co2": 0.0,
        "nox": 0.5572644965879308,
        "fuel": 0.0,
        "speed": 0.3121460654407152
      }
    ],
    "-69_4": []
  }
}