,Vehicle Type,CO2 (g/mi)
0,Both,306.2660604180463
1,Car,305.49589199001673
2,Truck,374.4081038114117
