,Vehicle Type,CO2 (g/mi)
0,Both,288.69000737771347
1,Car,293.9731874751024
2,Truck,335.07908767209824
