,Vehicle Type,Average_CO2
0,Both,297.47803389787987
1,Car,299.7345397325596
2,Truck,354.743595741755
